<?xml version="1.0" encoding="UTF-8"?>
<config xmlns="http://www.knime.org/2008/09/XMLConfig" xmlns:xsi="http://www.w3.org/2001/XMLSchema-instance" xsi:schemaLocation="http://www.knime.org/2008/09/XMLConfig http://www.knime.org/XMLConfig_2008_09.xsd" key="MiningSchema">
<config key="learning">
<entry key="array-size" type="xint" value="10"/>
<entry key="0" type="xstring" value="3M"/>
<entry key="1" type="xstring" value="3A"/>
<entry key="2" type="xstring" value="TR"/>
<entry key="3" type="xstring" value="AS"/>
<entry key="4" type="xstring" value="ST"/>
<entry key="5" type="xstring" value="TO"/>
<entry key="6" type="xstring" value="BK"/>
<entry key="7" type="xstring" value="PF"/>
<entry key="8" type="xstring" value="DQ"/>
<entry key="9" type="xstring" value="TC"/>
</config>
<config key="target">
<entry key="array-size" type="xint" value="0"/>
</config>
</config>
