<?xml version="1.0" encoding="UTF-8"?>
<config xmlns="http://www.knime.org/2008/09/XMLConfig" xmlns:xsi="http://www.w3.org/2001/XMLSchema-instance" xsi:schemaLocation="http://www.knime.org/2008/09/XMLConfig http://www.knime.org/XMLConfig_2008_09.xsd" key="model.xml">
<entry key="version" type="xint" value="1"/>
<entry key="class_name" type="xstring" value="org.knime.base.data.normalize.NormalizerPortObject"/>
<config key="model">
<config key="columns">
<config key="Min">
<entry key="column_name" type="xstring" value="Min"/>
<entry key="column_scale" type="xdouble" value="3.312355084465055E-4"/>
<entry key="column_translate" type="xdouble" value="-0.03378602186154356"/>
<entry key="column_min" type="xdouble" value="0.0"/>
<entry key="column_max" type="xdouble" value="1.0"/>
</config>
<config key="3M">
<entry key="column_name" type="xstring" value="3M"/>
<entry key="column_scale" type="xdouble" value="6.7288557213930345"/>
<entry key="column_translate" type="xdouble" value="0.0"/>
<entry key="column_min" type="xdouble" value="0.0"/>
<entry key="column_max" type="xdouble" value="1.0"/>
</config>
<config key="3A">
<entry key="column_name" type="xstring" value="3A"/>
<entry key="column_scale" type="xdouble" value="1.0"/>
<entry key="column_translate" type="xdouble" value="0.0"/>
<entry key="column_min" type="xdouble" value="0.0"/>
<entry key="column_max" type="xdouble" value="1.0"/>
</config>
<config key="FTM">
<entry key="column_name" type="xstring" value="FTM"/>
<entry key="column_scale" type="xdouble" value="4.334722222222222"/>
<entry key="column_translate" type="xdouble" value="0.0"/>
<entry key="column_min" type="xdouble" value="0.0"/>
<entry key="column_max" type="xdouble" value="1.0"/>
</config>
<config key="FTA">
<entry key="column_name" type="xstring" value="FTA"/>
<entry key="column_scale" type="xdouble" value="1.0"/>
<entry key="column_translate" type="xdouble" value="0.0"/>
<entry key="column_min" type="xdouble" value="0.0"/>
<entry key="column_max" type="xdouble" value="1.0"/>
</config>
<config key="TR">
<entry key="column_name" type="xstring" value="TR"/>
<entry key="column_scale" type="xdouble" value="2.5783560495699547"/>
<entry key="column_translate" type="xdouble" value="-0.15948594121051266"/>
<entry key="column_min" type="xdouble" value="0.0"/>
<entry key="column_max" type="xdouble" value="1.0"/>
</config>
<config key="AS">
<entry key="column_name" type="xstring" value="AS"/>
<entry key="column_scale" type="xdouble" value="3.1022829137111234"/>
<entry key="column_translate" type="xdouble" value="-0.024719385766622498"/>
<entry key="column_min" type="xdouble" value="0.0"/>
<entry key="column_max" type="xdouble" value="1.0"/>
</config>
<config key="ST">
<entry key="column_name" type="xstring" value="ST"/>
<entry key="column_scale" type="xdouble" value="14.059859154929576"/>
<entry key="column_translate" type="xdouble" value="-0.08450704225352113"/>
<entry key="column_min" type="xdouble" value="0.0"/>
<entry key="column_max" type="xdouble" value="1.0"/>
</config>
<config key="TO">
<entry key="column_name" type="xstring" value="TO"/>
<entry key="column_scale" type="xdouble" value="5.176056338028169"/>
<entry key="column_translate" type="xdouble" value="-0.035211267605633804"/>
<entry key="column_min" type="xdouble" value="0.0"/>
<entry key="column_max" type="xdouble" value="1.0"/>
</config>
<config key="BK">
<entry key="column_name" type="xstring" value="BK"/>
<entry key="column_scale" type="xdouble" value="7.888475836431226"/>
<entry key="column_translate" type="xdouble" value="0.0"/>
<entry key="column_min" type="xdouble" value="0.0"/>
<entry key="column_max" type="xdouble" value="1.0"/>
</config>
<config key="PF">
<entry key="column_name" type="xstring" value="PF"/>
<entry key="column_scale" type="xdouble" value="4.59439945360523"/>
<entry key="column_translate" type="xdouble" value="-0.11698702312420724"/>
<entry key="column_min" type="xdouble" value="0.0"/>
<entry key="column_max" type="xdouble" value="1.0"/>
</config>
<config key="DQ">
<entry key="column_name" type="xstring" value="DQ"/>
<entry key="column_scale" type="xdouble" value="0.14285714285714285"/>
<entry key="column_translate" type="xdouble" value="0.0"/>
<entry key="column_min" type="xdouble" value="0.0"/>
<entry key="column_max" type="xdouble" value="1.0"/>
</config>
<config key="PTS">
<entry key="column_name" type="xstring" value="PTS"/>
<entry key="column_scale" type="xdouble" value="1.3642495996772201"/>
<entry key="column_translate" type="xdouble" value="-0.1978161919531969"/>
<entry key="column_min" type="xdouble" value="0.0"/>
<entry key="column_max" type="xdouble" value="1.0"/>
</config>
<config key="TC">
<entry key="column_name" type="xstring" value="TC"/>
<entry key="column_scale" type="xdouble" value="0.08333333333333333"/>
<entry key="column_translate" type="xdouble" value="0.0"/>
<entry key="column_min" type="xdouble" value="0.0"/>
<entry key="column_max" type="xdouble" value="1.0"/>
</config>
<config key="+/-">
<entry key="column_name" type="xstring" value="+/-"/>
<entry key="column_scale" type="xdouble" value="5.747126436781609E-4"/>
<entry key="column_translate" type="xdouble" value="0.3936781609195402"/>
<entry key="column_min" type="xdouble" value="0.0"/>
<entry key="column_max" type="xdouble" value="1.0"/>
</config>
</config>
<entry key="summary" type="xstring" value="Min/Max (0.0, 1) normalization on 15 column(s)"/>
</config>
</config>
